tweet_id,airline_sentiment,airline_sentiment_confidence,negativereason,negativereason_confidence,airline,airline_sentiment_gold,name,negativereason_gold,retweet_count,text,tweet_coord,tweet_created,tweet_location,user_timezone
5.70E+17,neutral,1,,,Virgin America,,cairdin,,0,@VirginAmerica What @dhepburn said.,,2/24/2015 11:35,,Eastern Time (US & Canada)
5.70E+17,positive,0.3486,,0,Virgin America,,jnardino,,0,@VirginAmerica plus you've added commercials to the experience... tacky.,,2/24/2015 11:15,,Pacific Time (US & Canada)
5.70E+17,neutral,0.6837,,,Virgin America,,yvonnalynn,,0,@VirginAmerica I didn't today... Must mean I need to take another trip!,,2/24/2015 11:15,Lets Play,Central Time (US & Canada)
5.70E+17,negative,1,Bad Flight,0.7033,Virgin America,,jnardino,,0,"@VirginAmerica it's really aggressive to blast obnoxious ""entertainment"" in your guests' faces &amp; they have little recourse",,2/24/2015 11:15,,Pacific Time (US & Canada)
5.70E+17,negative,1,Can't Tell,1,Virgin America,,jnardino,,0,@VirginAmerica and it's a really big bad thing about it,,2/24/2015 11:14,,Pacific Time (US & Canada)
5.70E+17,negative,1,Can't Tell,0.6842,Virgin America,,jnardino,,0,"@VirginAmerica seriously would pay $30 a flight for seats that didn't have this playing.
it's really the only bad thing about flying VA",,2/24/2015 11:14,,Pacific Time (US & Canada)
5.70E+17,positive,0.6745,,0,Virgin America,,cjmcginnis,,0,"@VirginAmerica yes, nearly every time I fly VX this ‚Äúear worm‚Äù won‚Äôt go away :)",,2/24/2015 11:13,San Francisco CA,Pacific Time (US & Canada)
5.70E+17,neutral,0.634,,,Virgin America,,pilot,,0,"@VirginAmerica Really missed a prime opportunity for Men Without Hats parody, there. https://t.co/mWpG7grEZP",,2/24/2015 11:12,Los Angeles,Pacific Time (US & Canada)
5.70E+17,positive,0.6559,,,Virgin America,,dhepburn,,0,"@virginamerica Well, I didn't‚Ä¶but NOW I DO! :-D",,2/24/2015 11:11,San Diego,Pacific Time (US & Canada)
5.70E+17,positive,1,,,Virgin America,,YupitsTate,,0,"@VirginAmerica it was amazing, and arrived an hour early. You're too good to me.",,2/24/2015 10:53,Los Angeles,Eastern Time (US & Canada)
5.70E+17,neutral,0.6769,,0,Virgin America,,idk_but_youtube,,0,@VirginAmerica did you know that suicide is the second leading cause of death among teens 10-24,,2/24/2015 10:48,1/1 loner squad,Eastern Time (US & Canada)
5.70E+17,positive,1,,,Virgin America,,HyperCamiLax,,0,@VirginAmerica I &lt;3 pretty graphics. so much better than minimal iconography. :D,,2/24/2015 10:30,NYC,America/New_York
5.70E+17,positive,1,,,Virgin America,,HyperCamiLax,,0,@VirginAmerica This is such a great deal! Already thinking about my 2nd trip to @Australia &amp; I haven't even gone on my 1st trip yet! ;p,,2/24/2015 10:30,NYC,America/New_York
5.70E+17,positive,0.6451,,,Virgin America,,mollanderson,,0,@VirginAmerica @virginmedia I'm flying your #fabulous #Seductive skies again! U take all the #stress away from travel http://t.co/ahlXHhKiyn,,2/24/2015 10:21,,Eastern Time (US & Canada)
5.70E+17,positive,1,,,Virgin America,,sjespers,,0,@VirginAmerica Thanks!,,2/24/2015 10:15,"San Francisco, CA",Pacific Time (US & Canada)
5.70E+17,negative,0.6842,Late Flight,0.3684,Virgin America,,smartwatermelon,,0,@VirginAmerica SFO-PDX schedule is still MIA.,,2/24/2015 10:01,"palo alto, ca",Pacific Time (US & Canada)
5.70E+17,positive,1,,,Virgin America,,ItzBrianHunty,,0,@VirginAmerica So excited for my first cross country flight LAX to MCO I've heard nothing but great things about Virgin America. #29DaysToGo,,2/24/2015 9:42,west covina,Pacific Time (US & Canada)
5.70E+17,negative,1,Bad Flight,1,Virgin America,,heatherovieda,,0,@VirginAmerica  I flew from NYC to SFO last week and couldn't fully sit in my seat due to two large gentleman on either side of me. HELP!,,2/24/2015 9:39,this place called NYC,Eastern Time (US & Canada)
5.70E+17,positive,1,,,Virgin America,,thebrandiray,,0,I ‚ù§Ô∏è flying @VirginAmerica. ‚ò∫Ô∏èüëç,,2/24/2015 9:15,Somewhere celebrating life. ,Atlantic Time (Canada)
5.70E+17,positive,1,,,Virgin America,,JNLpierce,,0,@VirginAmerica you know what would be amazingly awesome? BOS-FLL PLEASE!!!!!!! I want to fly with only you.,,2/24/2015 9:04,Boston | Waltham,Quito
5.70E+17,negative,0.6705,Can't Tell,0.3614,Virgin America,,MISSGJ,,0,@VirginAmerica why are your first fares in May over three times more than other carriers when all seats are available to select???,,2/24/2015 8:55,,
5.70E+17,positive,1,,,Virgin America,,DT_Les,,0,@VirginAmerica I love this graphic. http://t.co/UT5GrRwAaA,"[40.74804263, -73.99295302]",2/24/2015 8:49,,
5.70E+17,positive,1,,,Virgin America,,ElvinaBeck,,0,@VirginAmerica I love the hipster innovation. You are a feel good brand.,,2/24/2015 8:30,Los Angeles,Pacific Time (US & Canada)
5.70E+17,neutral,1,,,Virgin America,,rjlynch21086,,0,@VirginAmerica will you be making BOS&gt;LAS non stop permanently anytime soon?,,2/24/2015 8:27,"Boston, MA ",Eastern Time (US & Canada)
5.70E+17,negative,1,Customer Service Issue,0.3557,Virgin America,,ayeevickiee,,0,@VirginAmerica you guys messed up my seating.. I reserved seating with my friends and you guys gave my seat away ... üò° I want free internet,,2/24/2015 8:18,714,Mountain Time (US & Canada)
5.70E+17,negative,1,Customer Service Issue,1,Virgin America,,Leora13,,0,@VirginAmerica status match program.  I applied and it's been three weeks.  Called and emailed with no response.,,2/24/2015 7:49,,
5.70E+17,negative,1,Can't Tell,0.6614,Virgin America,,meredithjlynn,,0,@VirginAmerica What happened 2 ur vegan food options?! At least say on ur site so i know I won't be able 2 eat anything for next 6 hrs #fail,,2/24/2015 7:11,,
5.70E+17,neutral,0.6854,,,Virgin America,,AdamSinger,,0,@VirginAmerica do you miss me? Don't worry we'll be together very soon.,,2/24/2015 5:44,"San Francisco, CA",Central Time (US & Canada)
5.70E+17,negative,1,Bad Flight,1,Virgin America,,blackjackpro911,,0,@VirginAmerica amazing to me that we can't get any cold air from the vents. #VX358 #noair #worstflightever #roasted #SFOtoBOS,"[42.361016, -71.02000488]",2/24/2015 5:05,"San Mateo, CA & Las Vegas, NV",
5.70E+17,neutral,0.615,,0,Virgin America,,TenantsUpstairs,,0,@VirginAmerica LAX to EWR - Middle seat on a red eye. Such a noob maneuver. #sendambien #andchexmix,"[33.94540417, -118.4062472]",2/23/2015 23:34,Brooklyn,Atlantic Time (Canada)
5.70E+17,negative,1,Flight Booking Problems,1,Virgin America,,jordanpichler,,0,"@VirginAmerica hi! I just bked a cool birthday trip with you, but i can't add my elevate no. cause i entered my middle name during Flight Booking Problems üò¢",,2/23/2015 22:52,,Vienna
5.70E+17,neutral,1,,,Virgin America,,JCervantezzz,,0,@VirginAmerica Are the hours of operation for the Club at SFO that are posted online current?,,2/23/2015 21:35,"California, San Francisco",Pacific Time (US & Canada)
5.70E+17,negative,1,Customer Service Issue,1,Virgin America,,Cuschoolie1,,0,"@VirginAmerica help, left expensive headphones on flight 89 IAD to LAX today. Seat 2A. No one answering L&amp;F number at LAX!","[33.94209449, -118.40410103]",2/23/2015 21:10,Washington DC,Quito
5.70E+17,negative,1,Customer Service Issue,1,Virgin America,,amanduhmccarty,,0,"@VirginAmerica awaiting my return phone call, just would prefer to use your online self-service option :(",,2/23/2015 20:55,,Pacific Time (US & Canada)
5.70E+17,positive,1,,,Virgin America,,NorthTxHomeTeam,,0,@VirginAmerica this is great news!  America could start flights to Hawaii by end of year http://t.co/r8p2Zy3fe4 via @Pacificbiznews,"[33.2145038, -96.9321504]",2/23/2015 20:24,Texas,Central Time (US & Canada)
5.70E+17,neutral,0.6207,,,Virgin America,,miaerolinea,,0,Nice RT @VirginAmerica: Vibe with the moodlight from takeoff to touchdown. #MoodlitMonday #ScienceBehindTheExperience http://t.co/Y7O0uNxTQP,,2/23/2015 18:46,Worldwide,Caracas
5.70E+17,positive,1,,,Virgin America,,Nicsplace,,0,@VirginAmerica Moodlighting is the only way to fly! Best experience EVER! Cool and calming. üíú‚úà #MoodlitMonday,,2/23/2015 18:43,Central Texas,
5.70E+17,positive,1,,,Virgin America,,Nicsplace,,0,"@VirginAmerica @freddieawards Done and done! Best airline around, hands down!",,2/23/2015 18:19,Central Texas,
5.70E+17,neutral,0.6791,,0,Virgin America,,elisha_malulani,,0,@VirginAmerica when can I book my flight to Hawaii??,,2/23/2015 17:54,i'm creating a monster ,Pacific Time (US & Canada)
5.70E+17,negative,1,Customer Service Issue,1,Virgin America,,DannyDouglass,,0,@VirginAmerica Your chat support is not working on your site: http://t.co/vhp2GtDWPk,,2/23/2015 17:41,"San Francisco, CA",Pacific Time (US & Canada)
5.70E+17,positive,0.6639,,,Virgin America,,jamesferrandini,,0,"@VirginAmerica View of downtown Los Angeles, the Hollywood Sign, and beyond that rain in the mountains! http://t.co/Dw5nf0ibtr",,2/23/2015 17:32,,
5.70E+17,negative,0.6688,Flight Booking Problems,0.6688,Virgin America,,will_lenzenjr,,0,"@VirginAmerica Hey, first time flyer next week - excited! But I'm having a hard time getting my flights added to my Elevate account. Help?",,2/23/2015 17:00,Iowa City,Central Time (US & Canada)
5.70E+17,neutral,1,,,Virgin America,,GottAmanda,,0,@VirginAmerica plz help me win my bid upgrade for my flight 2/27 LAX---&gt;SEA!!!  üç∑üëçüí∫‚úàÔ∏è,"[34.0219817, -118.38591198]",2/23/2015 16:24,Los Angeles,
5.70E+17,neutral,0.6578,,0,Virgin America,,KGervaise,,0,@VirginAmerica I have an unused ticket but moved to a new city where you don't fly. How can I fly with you before it expires? #travelhelp,,2/23/2015 16:20,Georgia,Pacific Time (US & Canada)
5.70E+17,neutral,1,,,Virgin America,,papamurat,,0,@VirginAmerica are flights leaving Dallas for Seattle on time Feb 24?,,2/23/2015 16:13,,
5.70E+17,positive,1,,,Virgin America,,arieldaie,,0,@VirginAmerica I'm #elevategold for a good reason: you rock!!,,2/23/2015 16:08,Los Angeles,
5.70E+17,neutral,0.6799,,,Virgin America,,vacations7,,0,@VirginAmerica  DREAM http://t.co/oA2dRfAoQ2 http://t.co/lWWdAc2kHx,,2/23/2015 16:04,Turks and caicos,
5.70E+17,positive,1,,,Virgin America,,ChelseaPoe666,,0,@VirginAmerica wow this just blew my mind,,2/23/2015 16:01,Oakland via Midwest ,Atlantic Time (Canada)
5.70E+17,neutral,1,,,Virgin America,,BobGlavinVO,,0,@VirginAmerica @ladygaga @carrieunderwood After last night #tribute #SoundOfMusic #Oscars2015 @ladygaga! I think @carrieunderwood agree,,2/23/2015 16:01,"New York, NY",Eastern Time (US & Canada)
5.70E+17,neutral,0.6436,,,Virgin America,,lisaaiko,,0,@VirginAmerica @ladygaga @carrieunderwood All were entertaining,,2/23/2015 15:58,,
5.70E+17,neutral,0.6764,,0,Virgin America,,grantbrowne,,0,"@VirginAmerica Is flight 769 on it's way? Was supposed to take off 30 minutes ago. Website still shows ""On Time"" not ""In Flight"". Thanks.",,2/23/2015 15:55,Worldwide,Central Time (US & Canada)
5.70E+17,positive,0.657,,,Virgin America,,joyabsalon,,0,@VirginAmerica @ladygaga @carrieunderwood Julie Andrews all the way though @ladygaga was very impressive! NO to @Carrieunderwood,,2/23/2015 15:46,Northern Virginia,Eastern Time (US & Canada)
5.70E+17,neutral,1,,,Virgin America,,2v,,0,@VirginAmerica wish you flew out of Atlanta... Soon?,,2/23/2015 15:36,Los Angeles / Atlanta,Eastern Time (US & Canada)
5.70E+17,neutral,0.7118,,0,Virgin America,,KSmithFoundHere,,0,@VirginAmerica @ladygaga @carrieunderwood Julie Andrews. Hands down.,,2/23/2015 15:24,,Atlantic Time (Canada)
5.70E+17,neutral,1,,,Virgin America,,papamurat,,0,@VirginAmerica Will flights be leaving Dallas for LA on February 24th?,,2/23/2015 15:19,,
5.70E+17,negative,0.6939,Flight Booking Problems,0.6939,Virgin America,,murphicus,,0,@VirginAmerica hi! i'm so excited about your $99 LGA-&gt;DAL deal- but i've been trying 2 book since last week &amp; the page never loads. thx!,,2/23/2015 15:05,"new york, new york",Eastern Time (US & Canada)
5.70E+17,positive,1,,,Virgin America,,VinnieFerra,,0,@VirginAmerica you know it. Need it on my spotify stat #guiltypleasures,,2/23/2015 15:04,"brooklyn, Ny",Pacific Time (US & Canada)
5.70E+17,positive,0.635,,,Virgin America,,KevinDemsi,,0,@VirginAmerica @ladygaga @carrieunderwood  I'm Lady Gaga!!! She is amazing! üòä,,2/23/2015 14:40,"Bali, Republic of Indonesia",Kuala Lumpur
5.70E+17,neutral,0.7007,,,Virgin America,,giffgaffman,,0,@VirginAmerica @ladygaga @carrieunderwood - Carrie!,,2/23/2015 14:40,"UK, USA. ",
5.70E+17,neutral,1,,,Virgin America,,HanlonBrothers,,0,@VirginAmerica New marketing song? https://t.co/F2LFULCbQ7 let us know what you think?,,2/23/2015 14:37,"Gold Coast, Australia",Brisbane
5.70E+17,neutral,1,,,Virgin America,,emilybg78,,0,@VirginAmerica @ladygaga @carrieunderwood Julie Andrews first but Lady Gaga wow'd me last night. Carrie? Meh.,,2/23/2015 14:36,"Stockton, CA",Arizona
5.70E+17,negative,1,Customer Service Issue,1,Virgin America,,rachie1126,,0,@VirginAmerica I called a 3-4 weeks ago about adding 3 flights from 2014 to my Elevate...they still haven't shown up...help!,,2/23/2015 14:35,"New York, NY",Eastern Time (US & Canada)
5.70E+17,neutral,0.6858,,,Virgin America,,adawson66,,0,"@VirginAmerica @ladygaga @carrieunderwood all are great , but I have to go with #CarrieUnderwood üòçüëå","[33.57963333, -117.73024772]",2/23/2015 14:30,,
5.70E+17,neutral,1,,,Virgin America,,SocialPLC,,0,"@VirginAmerica @LadyGaga @CarrieUnderwood Sorry, Mary Martin had it first!",,2/23/2015 14:26,"Twin Cities, Minn.",Eastern Time (US & Canada)
5.70E+17,positive,1,,,Virgin America,,jeffreymace01,,0,@VirginAmerica @ladygaga @carrieunderwood  love all three but you really can't beat the classics!,,2/23/2015 14:25,,
5.70E+17,neutral,0.6814,,0,Virgin America,,1stcrown,,0,@VirginAmerica Flight 0736 DAL to DCA 2/24 2:10pm. Tried to check in could not. Status please.,,2/23/2015 14:09,USA,Central Time (US & Canada)
5.70E+17,negative,1,Customer Service Issue,1,Virgin America,,onerockgypsy,,0,@VirginAmerica heyyyy guyyyys.. been trying to get through for an hour. can someone call me please? :/,,2/23/2015 13:46,next city,Pacific Time (US & Canada)
5.70E+17,negative,1,Late Flight,0.6789,Virgin America,,noelduan,,0,"@VirginAmerica Hi, Virgin! I'm on hold for 40-50 minutes -- are there any earlier flights from LA to NYC tonight; earlier than 11:50pm?",,2/23/2015 13:35,SF ‚Üî NY,Eastern Time (US & Canada)
5.70E+17,positive,0.6922,,,Virgin America,,Travelzoo,,0,@VirginAmerica Congrats on winning the @Travelzoo award for Best Deals from an Airline (US) http://t.co/kj1iljaebV,,2/23/2015 13:30,"New York, NY",Pacific Time (US & Canada)
5.70E+17,negative,1,Lost Luggage,1,Virgin America,,gianagon,,0,@VirginAmerica everything was fine until you lost my bag,"[40.6413712, -73.78311558]",2/23/2015 13:08,New York + Panama,Eastern Time (US & Canada)
5.70E+17,neutral,1,,,Virgin America,,bxchen,,0,@virginamerica Need to change reservation. Have Virgin credit card. Do I need to modify on phone to waive change fee? Or can I do online?,,2/23/2015 12:47,"San Francisco, CA",Eastern Time (US & Canada)
5.70E+17,neutral,0.6492,,0,Virgin America,,seimatrun,,0,@VirginAmerica I emailed your customer service team. Let me know if you need the tracking number.,,2/23/2015 12:00,Los Angeles,
5.70E+17,neutral,1,,,Virgin America,,jamied7,,0,"@VirginAmerica hi I just booked a flight but need to add baggage, how can I do this?",,2/23/2015 11:56,"London, England",London
5.70E+17,negative,1,Flight Attendant Complaints,0.3516,Virgin America,,seimatrun,,0,@VirginAmerica your airline is awesome but your lax loft needs to step up its game. $40 for dirty tables and floors? http://t.co/hy0VrfhjHt,,2/23/2015 11:46,Los Angeles,
5.70E+17,positive,1,,,Virgin America,,mrmichaellay,,0,"@VirginAmerica not worried, it's been a great ride in a new plane with great crew. All airlines should be like this.","[36.08457854, -115.13780136]",2/23/2015 11:32,Floridian from Cincinnati ,Eastern Time (US & Canada)
5.70E+17,positive,1,,,Virgin America,,TaylorLumsden,,0,@VirginAmerica awesome. I flew yall Sat morning. Any way we can correct my bill ?,,2/23/2015 11:28,"Dallas, Texas",Mountain Time (US & Canada)
5.70E+17,neutral,1,,,Virgin America,,campusmoviefest,,0,"@VirginAmerica Or watch some of the best student films in the country at 35,000 feet! #CMFat35000feet http://t.co/KEK5pDMGiF",,2/23/2015 11:24,USA,Eastern Time (US & Canada)
5.70E+17,neutral,1,,,Virgin America,,TaylorLumsden,,0,@VirginAmerica first time flying you all. do you have a different rate/policy for media Bags? Thanks,,2/23/2015 11:22,"Dallas, Texas",Mountain Time (US & Canada)
5.70E+17,negative,1,Customer Service Issue,1,Virgin America,,meme_meng,,0,@VirginAmerica what is going on with customer service? Is there anyway to speak to a human asap? Thank you.,,2/23/2015 11:02,,
5.70E+17,neutral,1,,,Virgin America,,kyle_romanoff,,0,@VirginAmerica what happened to Doom?!,,2/23/2015 10:58,,
5.70E+17,negative,1,Customer Service Issue,1,Virgin America,,GunsNDip,,0,@VirginAmerica why can't you supp the biz traveler like @SouthwestAir  and have customer service like @JetBlue #neverflyvirginforbusiness,,2/23/2015 10:56,,Pacific Time (US & Canada)
5.70E+17,positive,1,,,Virgin America,,artisticwritr87,,0,@VirginAmerica I've applied more then once to be a member of the #inflight crew team...Im 100% interested. #flightattendant #dreampath -G,,2/23/2015 10:56,"Seattle, WA",Pacific Time (US & Canada)
5.70E+17,negative,0.6792,Late Flight,0.3477,Virgin America,,arieldaie,,0,@VirginAmerica you're the best!! Whenever I (begrudgingly) use any other airline I'm delayed and Late Flight :(,,2/23/2015 10:54,Los Angeles,
5.70E+17,negative,1,Can't Tell,1,Virgin America,,GunsNDip,,0,@VirginAmerica I have no interesting flying with you after this. I will Cancelled Flight my next four flights I planned.#neverflyvirginforbusiness,,2/23/2015 10:54,,Pacific Time (US & Canada)
5.70E+17,negative,1,Can't Tell,1,Virgin America,,GunsNDip,,0,@VirginAmerica it was a disappointing experience which will be shared with every business traveler I meet. #neverflyvirgin,,2/23/2015 10:38,,Pacific Time (US & Canada)
5.70E+17,negative,1,Flight Booking Problems,1,Virgin America,,jsatk,,0,@VirginAmerica I‚Äôm having trouble adding this flight my wife booked to my Elevate account. Help? http://t.co/pX8hQOKS3R,"[0.0, 0.0]",2/23/2015 10:29,"Lower Pacific Heights, SF, CA",Pacific Time (US & Canada)
5.70E+17,neutral,0.6705,,0,Virgin America,,serenaklal,,0,@VirginAmerica Can't bring up my reservation online using Flight Booking Problems code,,2/23/2015 10:15,Chicago,Eastern Time (US & Canada)
5.70E+17,neutral,1,,,Virgin America,,openambit1,,0,@VirginAmerica Random Q: what's the distribution of elevate avatars? I bet that kitty has a disproportionate share http://t.co/APtZpuROp4,,2/23/2015 10:09,,
5.70E+17,neutral,0.6545,,0,Virgin America,,cabowine,,0,@VirginAmerica I &lt;3 Flying VA But Life happens and I am trying to #change my trip JPERHI  Can you help.VA home page will not let me ?,,2/23/2015 10:04,"Los Cabos,Mexico",Arizona
5.70E+17,negative,1,Can't Tell,0.6513,Virgin America,,MaryAnnTaylorT,,0,@VirginAmerica Why is the site down?  When will it be back up?,,2/23/2015 9:57,"New York, NY",Arizona
5.70E+17,neutral,1,,,Virgin America,,RamotControl,,0,"@VirginAmerica ""You down with RNP?"" ""Yeah you know me!""",,2/23/2015 9:45,,Pacific Time (US & Canada)
5.70E+17,neutral,0.6639,,0,Virgin America,,losermelon,,0,"@VirginAmerica hi, i did not get points on my elevate account for my most recent flight, how do i add the flight and points to my account?",,2/23/2015 9:35,,
5.70E+17,negative,1,Cancelled Flight,1,Virgin America,,AlisonK33774854,,0,@VirginAmerica I like the TV and interesting video . Just disappointed in Cancelled Flightled flight when other flights went out to jfk on Saturday .,,2/23/2015 9:29,,
5.70E+17,negative,1,Late Flight,1,Virgin America,,GunsNDip,,0,"@VirginAmerica just landed in LAX, an hour after I should of been here. Your no Late Flight bag check is not business travel friendly #nomorevirgin",,2/23/2015 9:28,,Pacific Time (US & Canada)
5.70E+17,neutral,0.6765,,0,Virgin America,,yazdanagh,,0,@VirginAmerica why is flight 345 redirected?,,2/23/2015 9:26,,
5.70E+17,negative,1,Customer Service Issue,0.6863,Virgin America,,MerchEngines,,0,"@VirginAmerica Is it me, or is your website down?  BTW, your new website isn't a great user experience.  Time for another redesign.",,2/23/2015 9:25,"Los Angeles, CA",Arizona
5.70E+17,negative,1,Customer Service Issue,0.6771,Virgin America,,ColorCartel,,0,@VirginAmerica I can't check in or add a bag. Your website isn't working. I've tried both desktop and mobile http://t.co/AvyqdMpi1Y,,2/23/2015 9:18,"Austin, TX",Mountain Time (US & Canada)
5.70E+17,negative,1,Can't Tell,0.659,Virgin America,,MustBeSpoken,,0,@VirginAmerica - Let 2 scanned in passengers leave the plane than told someone to remove their bag from 1st class bin? #uncomfortable,,2/23/2015 9:11,,
5.70E+17,negative,1,Flight Booking Problems,0.6714,Virgin America,,mattbunk,,0,@virginamerica What is your phone number. I can't find who to call about a flight reservation.,,2/23/2015 8:29,"Sterling Heights, MI",Eastern Time (US & Canada)
5.70E+17,negative,1,Customer Service Issue,1,Virgin America,,louisjenny,,0,@VirginAmerica is anyone doing anything there today?  Website is useless and no one is answering the phone.,,2/23/2015 8:19,Washington DC,Quito
5.70E+17,neutral,1,,,Virgin America,,STravelsW,,0,@VirginAmerica trying to add my boy Prince to my ressie. SF this Thursday @VirginAmerica from LAX http://t.co/GsB2J3c4gM,,2/23/2015 8:19,"Manhattan Beach, CA",
5.70E+17,negative,1,Late Flight,0.6882,Virgin America,,GunsNDip,,0,@VirginAmerica why must a traveler miss a flight to Late Flight check a bag?  I missed my morning appointments and you lost my business. #sfo2lax,,2/23/2015 8:11,,Pacific Time (US & Canada)
5.70E+17,neutral,1,,,Virgin America,,joeyrenagade,,0,@VirginAmerica check out new music http://t.co/maRcnOCWzn,,2/23/2015 8:08,Greater Los Angeles,
5.70E+17,negative,0.6925,Late Flight,0.3521,Virgin America,,mrmichaellay,,0,@virginamerica how's a direct flight FLL-&gt;SFO have unexpected layover in Vegas 4 fuel yet peeps next to me bought for Vegas flight. #sneaky,"[0.0, 0.0]",2/23/2015 8:08,Floridian from Cincinnati ,Eastern Time (US & Canada)
5.70E+17,negative,1,Late Flight,0.3486,Virgin America,,GunsNDip,,0,@VirginAmerica your no Late Flight bag check just lost you my business. I missed flight and AM apt. Three other people on flight had same exp.,,2/23/2015 7:51,,Pacific Time (US & Canada)
5.70E+17,positive,1,,,Virgin America,,TheDuchessSF,,0,"@VirginAmerica - amazing customer  service, again! üíïüíï RaeAnn in SF - she's the best! #customerservice #virginamerica #flying",,2/23/2015 7:50,Online,Pacific Time (US & Canada)
5.70E+17,negative,1,Customer Service Issue,1,Virgin America,,BeLeather,,0,@VirginAmerica called your service line and was hung up on. This is awesome. #sarcasm,"[0.0, 0.0]",2/23/2015 7:40,,Pacific Time (US & Canada)
5.70E+17,negative,1,Flight Booking Problems,0.6366,Virgin America,,BeLeather,,0,@VirginAmerica your site is tripping. I'm trying to check in and I'm getting the plain text version. I am reluctant to enter any card info.,"[0.0, 0.0]",2/23/2015 7:40,,Pacific Time (US & Canada)
5.70E+17,neutral,0.6593,,0,Virgin America,,drcaseydrake,,0,@VirginAmerica I was scheduled for SFO 2 DAL flight 714 today. Changed to 24th due weather. Looks like flight still on?,"[37.79374402, -122.39327564]",2/23/2015 7:28,"Dallas, TX",
5.70E+17,positive,0.6823,,0,Virgin America,,flyfromWAS,,0,"@VirginAmerica has getaway deals through May, from $59 one-way. Lots of cool cities http://t.co/tZZJhuIbCH #CheapFlights #FareCompare",,2/23/2015 6:57,"Washington, DC",Eastern Time (US & Canada)
5.70E+17,neutral,1,,,Virgin America,,flyfromSEA,,0,"@VirginAmerica has getaway deals through May, from $59 one-way. Lots of cool cities http://t.co/RPdBpX3wNd #CheapFlights #FareCompare",,2/23/2015 6:57,Seattle,Central Time (US & Canada)
5.70E+17,positive,0.6806,,,Virgin America,,flyfromNYC,,0,"@VirginAmerica has getaway deals through May, from $59 one-way. Lots of cool cities http://t.co/B2Xi4YG5T8 #CheapFlights #FareCompare",,2/23/2015 6:57,"New York City, NY",Central Time (US & Canada)
5.70E+17,neutral,0.6529,,,Virgin America,,flyfromLAX,,0,"@VirginAmerica has getaway deals through May, from $59 one-way. Lots of cool cities http://t.co/QDlJHslOI5 #CheapFlights #FareCompare",,2/23/2015 6:57,"Los Angeles, CA",Central Time (US & Canada)
5.70E+17,positive,0.678,,,Virgin America,,Silvanabfer,,0,@VirginAmerica Have a great week üåû‚úà,,2/23/2015 6:51,,
5.70E+17,positive,0.3482,,0,Virgin America,,AdamJdubs,,0,@VirginAmerica come back to #PHL already. We need you to take us out of this horrible cold. #pleasecomeback http://t.co/gLXFwP6nQH,,2/23/2015 6:07,Earth,Eastern Time (US & Canada)
5.70E+17,negative,1,Late Flight,1,Virgin America,,nicholas_v,,0,"@VirginAmerica should I be concerned that I am about to fly on a plane that needs to be delayed due to a ""tech stop""?","[26.074379, -80.1416831]",2/23/2015 5:15,,Eastern Time (US & Canada)
5.70E+17,positive,1,,,Virgin America,,tstashajones,,0,"@VirginAmerica is the best airline I have flown on.Easy to change your reservation,helpful representatives &amp; a comfortable flying experience",,2/23/2015 3:01,"Halifax, Nova Scotia, Canada",Eastern Time (US & Canada)
5.70E+17,positive,1,,,Virgin America,,SkateMamas,,0,@VirginAmerica and again! Another rep kicked butt! Naelah represents your team so beautifully!! Thank you!!!,,2/23/2015 0:35,"Los Angeles, CA",
5.70E+17,positive,1,,,Virgin America,,dngoo,,0,@VirginAmerica your beautiful front-end design is down right now; but it was cool to still book my ticket b/c all your back-end was secure.,,2/23/2015 0:21,"Near a park, water, or lights",Pacific Time (US & Canada)
5.70E+17,positive,1,,,Virgin America,,SamBrittenham,,0,"@VirginAmerica Love the team running Gate E9 at LAS tonight. Waited for a delayed flight, and they kept things entertaining",,2/23/2015 0:06,USA,Eastern Time (US & Canada)
5.70E+17,negative,0.6832,Customer Service Issue,0.3773,Virgin America,,usagibrian,,0,@VirginAmerica Use another browser! 2015 &amp; a brand with a reputation built on tech response doesn't have a cross-browser compatible website?,,2/22/2015 22:39,San Francisco CA,Pacific Time (US & Canada)
5.70E+17,negative,1,Flight Booking Problems,0.6767,Virgin America,,usagibrian,,0,"@VirginAmerica And now the flight Flight Booking Problems site is totally down. Folks, what is the problem?",,2/22/2015 22:11,San Francisco CA,Pacific Time (US & Canada)
5.70E+17,negative,1,Customer Service Issue,0.6527,Virgin America,,KindofLuke,,0,@VirginAmerica I like the customer service but a 40 min delay just for connecting passengers seems too long. VA370,,2/22/2015 21:56,,
5.70E+17,positive,1,,,Virgin America,,ptbrodie,,0,@VirginAmerica thanks to your outstanding NYC-JFK crew who moved mountains to get me home to San Francisco tonight!,,2/22/2015 20:23,San Francisco,
5.70E+17,positive,1,,,Virgin America,,cheryleng,,0,@VirginAmerica you have the absolute best team and customer service ever.  Every time I fly with you I'm delighted.  Thank you!,"[33.9469039, -118.40716847]",2/22/2015 17:48,,Pacific Time (US & Canada)
5.70E+17,neutral,1,,,Virgin America,,HishamSharaby,,0,"@VirginAmerica Do you provide complimentary upgrades to first class, if there are available seats?",,2/22/2015 17:45,New York,Eastern Time (US & Canada)
5.70E+17,negative,0.6703,Customer Service Issue,0.6703,Virgin America,,ChrisFordisHere,,0,@VirginAmerica i need to change my flight thats scheduled in 9 hours and 120 min wait time on phone. Im calling intern. Help!!,"[51.04345575, -114.06071363]",2/22/2015 17:14,NYC,Tehran
5.70E+17,positive,1,,,Virgin America,,JKF1897,,0,@VirginAmerica completely awesome experience last month BOS-LAS nonstop. Thanks for such an awesome flight and depart time. #VAbeatsJblue,,2/22/2015 16:18,,
5.70E+17,neutral,1,,,Virgin America,,F6x,,0,@VirginAmerica How can I watch the #Oscars2015 on my JFK-&gt;SFO flight?,"[40.64662464, -73.77090177]",2/22/2015 16:05,"San Francisco, CA",Pacific Time (US & Canada)
5.70E+17,neutral,0.6535,,0,Virgin America,,lawyang588,,0,@VirginAmerica is flight 882 Cancelled Flightled and what do I do if it is?,,2/22/2015 15:41,,
5.70E+17,negative,1,Customer Service Issue,0.6448,Virgin America,,melokudo,,0,@VirginAmerica you are failing your customers because your check in process does not link to TSA pre-check.,,2/22/2015 15:40,,Eastern Time (US & Canada)
5.70E+17,negative,1,Can't Tell,1,Virgin America,,ChrysiChrysic,,0,@VirginAmerica @FiDiFamilies us too! Terrible airline! Just gave us a hotel hotline number and said sorry,,2/22/2015 15:06,,
5.70E+17,neutral,1,,,Virgin America,,nikkisixxfan93,,0,@VirginAmerica has flight number 276 from SFO to Cabo San Lucas arrived yet?,,2/22/2015 15:03,"Sacramento,California",Pacific Time (US & Canada)
5.70E+17,negative,1,Cancelled Flight,0.6875,Virgin America,,ChrysiChrysic,,0,@VirginAmerica @ChrysiChrysic your assistance yesterday when u Cancelled Flightled our flight was to give us a hotel hotline  Shame on you!,,2/22/2015 15:02,,
5.70E+17,negative,1,Late Flight,1,Virgin America,,MOCBlogger,,0,@VirginAmerica Another delayed flight? #likingyoulessandless,,2/22/2015 14:49,San Diego,Alaska
5.70E+17,negative,1,Customer Service Issue,1,Virgin America,,tfaz,,0,@VirginAmerica I need to register a service dog for a first class ticket from SFO &gt; Dulles. The phone queue is an hour or longer. Pls advise,,2/22/2015 14:39,"Oakland, California",Pacific Time (US & Canada)
5.70E+17,positive,1,,,Virgin America,,lisaptv,,1,@virginamerica you ROCK for making it so I can watch #Oscars on my flight!! #redcarpet #oscars #oscars2015,,2/22/2015 14:32,,Mountain Time (US & Canada)
5.70E+17,neutral,1,,,Virgin America,,dropapp,,0,"@VirginAmerica, @reallytallchris dropped a track on you... https://t.co/zv2pt6TRK9",,2/22/2015 14:31,,
5.70E+17,positive,0.7011,,,Virgin America,,HollywoodHotMom,,0,@VirginAmerica always!!! Xoxo,,2/22/2015 14:09,All Over!,Pacific Time (US & Canada)
5.70E+17,negative,1,Flight Booking Problems,1,Virgin America,,GoShar2012,,0,@VirginAmerica why can't we book seats on your flights when we buy them or even during check in? Creates so much anxiety! #frustrated,,2/22/2015 14:07,"Providence, RI",Eastern Time (US & Canada)
5.70E+17,negative,0.6543,Flight Attendant Complaints,0.3562,Virgin America,,MOCBlogger,,0,@VirginAmerica You'd think paying an extra $100 bucks RT for luggage might afford you hiring an extra hand at @sfo #lame,,2/22/2015 14:03,San Diego,Alaska
5.70E+17,positive,1,,,Virgin America,,SkateMamas,,0,@VirginAmerica best customer service rep in the world! #irmafromDallas takes the cake!!!,,2/22/2015 13:55,"Los Angeles, CA",
5.70E+17,neutral,0.355,,0,Virgin America,,FiDiFamilies,,0,@VirginAmerica Can you find us a flt out of LAX that is sooner than midnight on Monday? That would be great customer service üòÉ,,2/22/2015 13:49,New York City ,Eastern Time (US & Canada)
5.70E+17,negative,0.6889,Late Flight,0.6889,Virgin America,,jarrydosborne,,0,@VirginAmerica please provide status for flight 769.  I cant imagine it's on time as the Web indicates  dude to weather here and/or Dallas,,2/22/2015 13:47,New York,Eastern Time (US & Canada)
5.70E+17,positive,1,,,Virgin America,,HollywoodHotMom,,0,@VirginAmerica you have amazing staff &amp; super helpful as I just ran the @WaltDisneyWorld #PrincessHalf they have spoiled me with comfort!!!,,2/22/2015 13:45,All Over!,Pacific Time (US & Canada)
5.70E+17,negative,1,Cancelled Flight,1,Virgin America,,mlorenzen,,0,"@VirginAmerica I paid the premium to fly you across the country, you Cancelled Flight my flight and offer no check fee or upgrade love? Sad face :(",,2/22/2015 13:29,"iPhone: 29.741360,-90.131523",Pacific Time (US & Canada)
5.70E+17,negative,0.679,Flight Booking Problems,0.3684,Virgin America,,Tyler_Starrine,,0,@VirginAmerica question: is it not possible to book a seat for an infant under 2? It's not giving me the option but we want a seat for him.,,2/22/2015 13:23,Los Angeles,Pacific Time (US & Canada)
5.70E+17,positive,1,,,Virgin America,,jessicajaymes,,2,Always have it together!!! You're welcome! RT @VirginAmerica: @jessicajaymes You're so welcome.,"[33.94652852, -118.40766257]",2/22/2015 12:49,"hollywood, california",Pacific Time (US & Canada)
5.70E+17,positive,1,,,Virgin America,,livingfitly,,0,@virginamerica #flight home to #dc #sunset #globe in' #backtowinter back to #work! #refreshed http://t.co/VX9vBCTdLf,,2/22/2015 12:35,"Washington, DC",Eastern Time (US & Canada)
5.70E+17,negative,1,Damaged Luggage,0.6501,Virgin America,,khartline,,0,.@VirginAmerica I don't understand why you need a DM to give me an answer on if you have a damaged luggage policy.,,2/22/2015 12:34,Las Vegas,Pacific Time (US & Canada)
5.70E+17,negative,1,Damaged Luggage,1,Virgin America,,khartline,,0,.@VirginAmerica does that mean you don't have a policy for destroyed luggage?,,2/22/2015 12:27,Las Vegas,Pacific Time (US & Canada)
5.70E+17,neutral,1,,,Virgin America,,MACRoxburgh,,0,@VirginAmerica is there special assistance if I travel alone w/2 kids and 1 infant? Priority boarding?,,2/22/2015 11:56,,Atlantic Time (Canada)
5.70E+17,positive,1,,,Virgin America,,paulnakada,,0,@VirginAmerica thank you for checking in. tickets are purchased and customer is happy ;-),,2/22/2015 11:33,San Francisco,Pacific Time (US & Canada)
5.70E+17,neutral,1,,,Virgin America,,wildcatdad,,0,@VirginAmerica is your website ever coming back online?,,2/22/2015 11:13,,
5.70E+17,neutral,0.6732,,0,Virgin America,,RheaThurman1,,0,"@VirginAmerica  - Is Flight 713 from Love Field to SFO definitely Cancelled Flightled for Monday, February 23?",,2/22/2015 11:10,,
5.70E+17,neutral,1,,,Virgin America,,Osiris91780,,0,@VirginAmerica Is flight 0769 out of LGA to DFW on time?,,2/22/2015 11:10,,
5.70E+17,neutral,1,,,Virgin America,,HeatherWhoo,,0,@VirginAmerica my drivers license is expired by a little over a month. Can I fly Friday morning using my expired license?,,2/22/2015 11:10,,
5.70E+17,negative,1,Customer Service Issue,0.6983,Virgin America,,paulnakada,,0,@VirginAmerica having problems Flight Booking Problems on the web site. keeps giving me an error and to contact by phone.  phone is 30 minute wait.,,2/22/2015 11:02,San Francisco,Pacific Time (US & Canada)
5.70E+17,negative,0.6593,Cancelled Flight,0.6593,Virgin America,,RampantSmashing,,0,@VirginAmerica How do I reschedule my Cancelled Flightled flights online? The change button is greyed out!,,2/22/2015 11:01,CA,
5.70E+17,negative,1,Flight Booking Problems,0.6556,Virgin America,,intlwriter,,0,"@VirginAmerica I rang, but there is a wait for 35 minutes!! I can book the same ticket through a vendor, fix your site",,2/22/2015 10:38,@ the moment in New Delhi,Pacific Time (US & Canada)
5.70E+17,negative,1,Late Flight,0.3571,Virgin America,,finslippy,,0,"@VirginAmerica got a flight (we were told) for 4:50 today..,checked my email and its for 4;50 TOMORROW. This is unacceptable.",,2/22/2015 10:30,Brooklyn,Eastern Time (US & Canada)
5.70E+17,negative,1,Cancelled Flight,1,Virgin America,,finslippy,,0,"@VirginAmerica our flight into lga was Cancelled Flighted. We're stuck in Dallas. I called to reschedule, told I could get a flight for today...(1/2)",,2/22/2015 10:29,Brooklyn,Eastern Time (US & Canada)
5.70E+17,negative,1,Bad Flight,1,Virgin America,,Gr8Fratsby,,0,@virginamerica why don't any of the pairings include red wine?! Only white is offered :( #redwineisbetter,,2/22/2015 10:19,"Washington, DC",Eastern Time (US & Canada)
5.70E+17,negative,0.6517,Customer Service Issue,0.3371,Virgin America,,sbaaronson,,0,@VirginAmerica is the website down?,,2/22/2015 8:56,Los Angeles,
5.70E+17,negative,0.68,Customer Service Issue,0.35,Virgin America,,jonesbasf,,0,@VirginAmerica - Your site seems a little wonked right now. May want to have a look. Tried on two browsers. No CSS? http://t.co/8qsQMM7KF2,,2/22/2015 8:53,,
5.69E+17,negative,1,Customer Service Issue,0.7002,Virgin America,,Gr8Fratsby,,0,@VirginAmerica I'm disappointed that the agent at the designated silver status check in line @Dulles_Airport closed to assist all pasengers,,2/22/2015 5:51,"Washington, DC",Eastern Time (US & Canada)
5.69E+17,neutral,1,,,Virgin America,,NewsSWA,,0,@VirginAmerica Plans to Include Austin to its Dallas Route - TopNews Arab #Emirates http://t.co/aqZWecOkk2,,2/22/2015 5:02,FL410,Sydney
5.69E+17,negative,1,Customer Service Issue,1,Virgin America,,CSHangover,,0,@VirginAmerica Is it normal to receive no reply from Central Baggage #baggageissues #smh,,2/22/2015 4:43,Tokyo,Irkutsk
5.69E+17,negative,1,longlines,0.6818,Virgin America,,girlphotophilly,,0,@VirginAmerica at Logan airport and waiting to checkin for my 9am flight. Checkin desk not open !!!!! Why?!,,2/22/2015 3:39,"Philadelphia, Pa",Eastern Time (US & Canada)
5.69E+17,neutral,1,,,Virgin America,,NewsSWA,,0,@VirginAmerica to jump into the Dallas-Austin market - @Dallas_News http://t.co/EwwGi97gdx,,2/22/2015 3:32,FL410,Sydney
5.69E+17,neutral,1,,,Virgin America,,NewsSWA,,0,"@VirginAmerica Beats EPS Views, Takes On #SouthwestAir VA LUV - Investor's Business Daily http://t.co/FLwmGDAHxu",,2/22/2015 3:02,FL410,Sydney
5.69E+17,neutral,1,,,Virgin America,,Graemelodge5545,,0,@VirginAmerica Lister to my show my on Monday 1230 130,,2/22/2015 2:42,,
5.69E+17,neutral,1,,,Virgin America,,NewsSWA,,0,@VirginAmerica to begin Dallas-Austin #flights in April - 88.9 KETR http://t.co/SSUVWwkyHH,,2/22/2015 1:32,FL410,Sydney
5.69E+17,negative,1,Can't Tell,0.663,Virgin America,,Boards707,,0,"@VirginAmerica congrats, you just got all my business from EWR to SFO/LAX. Fuck you @united fl1289 SFO/EWR was the clincher...",,2/21/2015 21:32,"Belmar, NJ",Eastern Time (US & Canada)
5.69E+17,negative,1,Customer Service Issue,0.6777,Virgin America,,MikeWiener,,0,@VirginAmerica  I applied over 2 weeks ago. Haven't heard back and I'm flying this week #disappointed,,2/21/2015 21:28,,Eastern Time (US & Canada)
5.69E+17,neutral,0.6816,,0,Virgin America,,khartline,,0,@VirginAmerica I'd love to know what your policy is for damaged luggage.,,2/21/2015 20:41,Las Vegas,Pacific Time (US & Canada)
5.69E+17,positive,1,,,Virgin America,,simpasmore,,0,@VirginAmerica Thank you for the follow,,2/21/2015 20:33,Barbados ,Eastern Time (US & Canada)
5.69E+17,negative,1,Customer Service Issue,1,Virgin America,,ChrysiChrysic,,0,@VirginAmerica - too many apologies! You r the worse airlines! Don't even respond to your cudtomers,,2/21/2015 20:21,,
5.69E+17,negative,1,Cancelled Flight,0.3709,Virgin America,,ChrysiChrysic,,0,@VirginAmerica shame on VA for making people spend money in stranded cities when other airlines are landing at JFK! Who will reimburse me?,,2/21/2015 20:11,,
5.69E+17,neutral,0.6701,,0,Virgin America,,TTINAC11,,0,@VirginAmerica @TTINAC11 I DM you,,2/21/2015 18:35,"Las Vegas, NV",Mountain Time (US & Canada)
5.69E+17,neutral,0.6942,,0,Virgin America,,elaurawrr,,0,@VirginAmerica can you please have flights in  SJC ? I have no choice but to fly Southwest to Vegas üò©üò≠,,2/21/2015 18:29,,Arizona
5.69E+17,negative,1,Customer Service Issue,0.7148,Virgin America,,joyabsalon,,0,@VirginAmerica too bad you say it takes 10 to 14 days via YOUR confirmation email. When I inquired after 3 weeks you claim 6 to 8 weeks!,,2/21/2015 18:29,Northern Virginia,Eastern Time (US & Canada)
5.69E+17,negative,0.6791,Cancelled Flight,0.6791,Virgin America,,meladorri,,0,@VirginAmerica Flight from BOS &gt; LAS tomorrow was Cancelled Flightled. No notification; wait times are 1+ hour. Will you rebook on another airline?,,2/21/2015 18:11,"Boston, MA",Central Time (US & Canada)
5.69E+17,positive,0.3579,,0,Virgin America,,miaerolinea,,0,üòé RT @VirginAmerica: You‚Äôve met your match. Got status on another airline? Upgrade (+restr): http://t.co/RHKaMx9VF5. http://t.co/PYalebgkJt,,2/21/2015 18:09,Worldwide,Caracas
5.69E+17,positive,1,,,Virgin America,,archiegips,,0,@VirginAmerica Only way to fly! #Elevate #Gold,,2/21/2015 18:02,LaLa Land,Pacific Time (US & Canada)
5.69E+17,neutral,0.653,,,Virgin America,,obiwantoby,,0,@VirginAmerica If only you guys had flights from CMH.,,2/21/2015 17:43,,Quito
5.69E+17,negative,1,Can't Tell,0.648,Virgin America,,MarwaYousofzoy,,0,"@VirginAmerica a lot of ""apologies"" being thrown out to customers from what I can see.Very sad. Thanks for nothing. Worst airline ever.",,2/21/2015 17:41,,
5.69E+17,negative,1,Flight Attendant Complaints,0.6729,Virgin America,,TTINAC11,,0,@VirginAmerica  for all my flight stuff wrong and did nothing about it. Had #worst #flight ever,,2/21/2015 17:40,"Las Vegas, NV",Mountain Time (US & Canada)
5.69E+17,neutral,0.6743,,0,Virgin America,,TheNotoriousLEX,,0,@VirginAmerica Having an issue finding a missing item on a plane. Can you help me find which airport my plane headed to next?,,2/21/2015 17:18,Chicago ,Central Time (US & Canada)
5.69E+17,positive,0.6783,,,Virgin America,,advertisingdiva,,0,@VirginAmerica you will match my #AmericanAirlines status? Cool!,"[38.9128188, -77.00798226]",2/21/2015 17:15,DC - LA - Venice Beach,Eastern Time (US & Canada)
5.69E+17,neutral,0.6863,,,Virgin America,,Floxie10,,0,‚Äú@VirginAmerica:You've met your match.Got status on another airline? Upgrade : http://t.co/H952rDKTqy‚Äù @asarco_ES_ar ? üôâ,,2/21/2015 17:14,Argentina,
5.69E+17,negative,1,Flight Booking Problems,0.6705,Virgin America,,alexrkonrad,,0,@VirginAmerica trying to book a flight with you guys and your website won't let me... about to lose my business,,2/21/2015 17:13,"New York, NY",Eastern Time (US & Canada)
5.69E+17,negative,1,Can't Tell,1,Virgin America,,MarwaYousofzoy,,0,@VirginAmerica you suck!,,2/21/2015 17:13,,
5.69E+17,positive,1,,,Virgin America,,lexiesalas,,0,@VirginAmerica thanks!,,2/21/2015 16:50,BAYAREA‚úàÔ∏èNYC,Pacific Time (US & Canada)
5.69E+17,negative,1,Flight Booking Problems,0.6648,Virgin America,,MaximWheatley,,0,@VirginAmerica Just DM'd. Same issue persisting.,,2/21/2015 16:19,"Washington, DC",Atlantic Time (Canada)
5.69E+17,negative,1,Cancelled Flight,1,Virgin America,,FiDiFamilies,,0,@VirginAmerica Because we never rec'd Cancelled Flightlation notice we were left w no options to fly out of PS. Driving to LA for a red eye Mon w kids,,2/21/2015 15:47,New York City ,Eastern Time (US & Canada)
5.69E+17,negative,1,Flight Booking Problems,1,Virgin America,,lexiesalas,,0,@VirginAmerica trying to book a flight &amp; your site is down üòÅ,,2/21/2015 15:29,BAYAREA‚úàÔ∏èNYC,Pacific Time (US & Canada)
5.69E+17,negative,0.7158,Cancelled Flight,0.7158,Virgin America,,Artenis15,,0,@VirginAmerica You have any flights flying into Boston tomorrow? I need to be home and you Cancelled Flightled my flight and didn't do anything,,2/21/2015 15:27,MA // Ashton in Wonderland,Eastern Time (US & Canada)
5.69E+17,negative,1,Cancelled Flight,1,Virgin America,,NancyJFriedman,,0,@VirginAmerica you stink. Flight Cancelled Flighted from PSP to JFK and no notification or ability to rebook #disappointed.  #expected better,,2/21/2015 14:34,New York City,Eastern Time (US & Canada)
5.69E+17,positive,1,,,Virgin America,,JT_Magana,,0,@VirginAmerica I love your guy's song! We're dancing to it for our high school dance revue,,2/21/2015 14:28,,
5.69E+17,negative,1,Customer Service Issue,0.6733,Virgin America,,MaximWheatley,,0,@VirginAmerica Your website is down and I'm trying to check in!,,2/21/2015 14:27,"Washington, DC",Atlantic Time (Canada)
5.69E+17,positive,1,,,Virgin America,,carabubes,,0,"@VirginAmerica done! Thank you for the quick response, apparently faster than sitting on hold ;)",,2/21/2015 14:24,"Los Angeles, California",Central Time (US & Canada)
5.69E+17,neutral,0.6809,,0,Virgin America,,carabubes,,0,@VirginAmerica nervous about my flight from DC to LAX getting Cancelled Flightled tomorrow! Just sent you a DM to help me!,,2/21/2015 14:23,"Los Angeles, California",Central Time (US & Canada)
5.69E+17,positive,1,,,Virgin America,,wmrrock,,0,@VirginAmerica cool picture of another VirginAmerica plane off our wing. What a site! http://t.co/5B2agFd8c4,,2/21/2015 14:21,CT,Eastern Time (US & Canada)
5.69E+17,positive,1,,,Virgin America,,DailyBillboard,,0,@VirginAmerica Keep up the great work :),,2/21/2015 13:52,"Los Angeles, California",Pacific Time (US & Canada)
5.69E+17,positive,1,,,Virgin America,,BigRichTexasPam,,0,@VirginAmerica my goodness your people @love field are amazing under pressure ‚ù§Ô∏èfrom Texas #beatstheothers in crisis Please fly me to NY,"[32.84359605, -96.84910929]",2/21/2015 13:52,FREE ADVICE! ,Central Time (US & Canada)
5.69E+17,positive,0.6775,,0,Virgin America,,rtw4,,0,@VirginAmerica Thanks for a great flight from LA to Boston! Pilots did a great job landing in the snow. Can we go back to LA now? #seriously,,2/21/2015 13:41,"Natick, MA, USA",Central Time (US & Canada)
5.69E+17,neutral,1,,,Virgin America,,casualdiego,,0,@VirginAmerica can you please get me to the new york area before monday afternoon,,2/21/2015 13:32,"okayville, population me",
5.69E+17,positive,1,,,Virgin America,,kyle_romanoff,,0,"@VirginAmerica Thanks so much for the awesome support, you guys rock!",,2/21/2015 13:32,,
5.69E+17,negative,0.7053,Bad Flight,0.7053,Virgin America,,wmrrock,,0,@VirginAmerica seats in Row 8 don't recline should mention that on your website #soreback,,2/21/2015 13:30,CT,Eastern Time (US & Canada)
5.69E+17,negative,1,Late Flight,1,Virgin America,,wmrrock,,0,@VirginAmerica flight 404 delayed 2 hours in LA due to mechanical problems. Handle like pros but you could have tossed us a free drink.,,2/21/2015 13:28,CT,Eastern Time (US & Canada)
5.69E+17,negative,0.642,Cancelled Flight,0.642,Virgin America,,BigRichTexasPam,,0,@VirginAmerica why Cancelled Flight flights today? No precipitation to be scared of!  ‚ùÑÔ∏è‚ùÑÔ∏è‚ùÑÔ∏è,"[32.8437698, -96.84928399]",2/21/2015 13:18,FREE ADVICE! ,Central Time (US & Canada)
5.69E+17,positive,0.6667,,0,Virgin America,,aaronkurlander,,0,@VirginAmerica twitter team. you guys killed it for rescheduling me asap. thank you!,,2/21/2015 13:00,"New York, NY",Eastern Time (US & Canada)
5.69E+17,negative,1,Cancelled Flight,0.6735,Virgin America,,MistakeCakeJake,,0,@VirginAmerica You guys charged me $100 to reschedule a flight that was then Cancelled Flighted and are now refusing to refund it. What's the deal?,,2/21/2015 12:54,,Central Time (US & Canada)
5.69E+17,negative,1,Customer Service Issue,0.6968,Virgin America,,NoelArtiles,,0,@VirginAmerica can‚Äôt access your website from Safari on iPhone 6. Seems to work on Mac and iPad. Need iPhone to add Passbook.,"[0.0, 0.0]",2/21/2015 12:48,"Austin, TX",Central Time (US & Canada)
5.69E+17,neutral,0.634,,0,Virgin America,,floatingatoll,,0,"@VirginAmerica on iPad and iPhone, clicking the CHECKIN link in the email I received at 24hrs before flight",,2/21/2015 12:45,"Silicon Valley, California",Pacific Time (US & Canada)
5.69E+17,negative,0.699,Customer Service Issue,0.699,Virgin America,,floatingatoll,,0,"@VirginAmerica your mobile site is broken, shows 
""{{header.elevateUser.numOfPointsAvailable || '0' | number}} Points"", won't let me checkin",,2/21/2015 12:44,"Silicon Valley, California",Pacific Time (US & Canada)
5.69E+17,negative,0.664,Cancelled Flight,0.3412,Virgin America,,aaronkurlander,,0,@VirginAmerica I was really looking forward to my flight. can you let me know when it will be rescheduled? #diehardvirgin,,2/21/2015 12:23,"New York, NY",Eastern Time (US & Canada)
5.69E+17,negative,1,Cancelled Flight,0.6452,Virgin America,,aaronkurlander,,0,"@VirginAmerica why Cancelled Flight flight VX413? One sec its delayed, on my to airport, the next its Cancelled Flightled?Gonna email or call me to reschedule?",,2/21/2015 12:18,"New York, NY",Eastern Time (US & Canada)
5.69E+17,negative,1,Customer Service Issue,0.6766,Virgin America,,borknagar,,0,@VirginAmerica I did it but there was a problem in the link from the email for check-in. thanks,,2/21/2015 12:07,chile,Santiago
5.69E+17,negative,1,Flight Booking Problems,0.6954,Virgin America,,propsonline,,0,@VirginAmerica had to change to another airline to get to DC today ... Why is @united able to land in DC but not you? Cost me $800 ...ugh,,2/21/2015 11:56,"California, USA",Pacific Time (US & Canada)
5.69E+17,negative,1,Cancelled Flight,1,Virgin America,,propsonline,,0,@VirginAmerica I was so looking forward to my first flight with you today but it was Cancelled Flightled along with the subsequent one ...,,2/21/2015 11:55,"California, USA",Pacific Time (US & Canada)
5.69E+17,positive,0.6522,,,Virgin America,,carlos89178,,0,@VirginAmerica when are you putting some great deals from PDX to LAS or from LAS to PDX show me your love! http://t.co/enIQg0buzj,,2/21/2015 11:49,,
5.69E+17,positive,1,,,Virgin America,,carlos89178,,0,@VirginAmerica wish I can afford to fly with you next Friday  going back home.. love everything  about your airline,,2/21/2015 11:45,,
5.69E+17,negative,1,Can't Tell,0.6526,Virgin America,,shounshounette,,0,@VirginAmerica  how are you gonna have a deal from Dallas to DC but no deal from DC to Dallas? #sad,,2/21/2015 11:44,,
5.69E+17,neutral,1,,,Virgin America,,alanzeino,,0,"@VirginAmerica it‚Äôs just a bug report, guys",,2/21/2015 11:40,San Francisco,Pacific Time (US & Canada)
5.69E+17,negative,1,Customer Service Issue,1,Virgin America,,DonnellyPatrick,,0,@VirginAmerica hold times at call center are a bit much,,2/21/2015 11:35,SF Bay Area,Pacific Time (US & Canada)
5.69E+17,positive,0.7081,,,Virgin America,,stefanpinto,,0,@VirginAmerica Like http://t.co/VPqEm31XUQ,,2/21/2015 11:10,"Los Angeles, CA",Pacific Time (US & Canada)
5.69E+17,negative,0.6455,Flight Booking Problems,0.3497,Virgin America,,josephschwegler,,0,@VirginAmerica Site down? #help,,2/21/2015 11:06,,Pacific Time (US & Canada)
5.69E+17,positive,1,,,Virgin America,,jennifer_caron,,0,@VirginAmerica You have the best flight attendant ever!!! http://t.co/PxdEL1nq3l,,2/21/2015 10:58,"Los Angeles, CA",Pacific Time (US & Canada)
5.69E+17,positive,0.6899,,,Virgin America,,miaerolinea,,0,"Awesome! RT @VirginAmerica: Watch nominated films at 35,000 feet. #MeetTheFleet #Oscars http://t.co/DnStITRzWy",,2/21/2015 10:54,Worldwide,Caracas
5.69E+17,positive,1,,,Virgin America,,ninjasistah,,0,@VirginAmerica thanks so much!,,2/21/2015 10:40,Massachusetts,Eastern Time (US & Canada)
5.69E+17,negative,0.6701,Customer Service Issue,0.3505,Virgin America,,daniellewolff,,0,"@VirginAmerica Trying to reset my password, email never arrives. Help?",,2/21/2015 10:37,"Los Angeles, CA",Pacific Time (US & Canada)
5.69E+17,positive,0.6575,,,Virgin America,,EleonoraKaras,,0,"@VirginAmerica, the only airline based in Silicon Valley! #disruption #FCmostinnovative #incubator  @FastCompany's http://t.co/wU3LbCNcr9",,2/21/2015 10:31,New York,
5.69E+17,positive,1,,,Virgin America,,carlosondrums,,0,@VirginAmerica Very nicely done. üëè,,2/21/2015 10:28,Las Vegas,Eastern Time (US & Canada)
5.69E+17,positive,0.6701,,,Virgin America,,ninjasistah,,0,@VirginAmerica I‚Äôm looking forward to watching the Oscars on my flight home tomorrow. I might even get something bubbly to drink! ;),,2/21/2015 10:22,Massachusetts,Eastern Time (US & Canada)
5.69E+17,negative,0.6489,Late Flight,0.6489,Virgin America,,stephenasilverm,,0,@VirginAmerica What is the reason  for the delay of the departure of VX 413 from JFK this afternoon?,,2/21/2015 10:22,,
5.69E+17,negative,0.6786,Cancelled Flight,0.6786,Virgin America,,mrl6626,,0,"@VirginAmerica is todays flight from Palm Springs, Ca to JFK in NY Cancelled Flightled?",,2/21/2015 10:15,,Arizona
5.69E+17,positive,1,,,Virgin America,,SunRighteous,,0,@VirginAmerica hahaha üòÇ@VirginAmerica YOU GUYS ARE AMAZING. I LOVE YOU GUYS!!!üíó,,2/21/2015 10:12,,Alaska
5.69E+17,positive,1,,,Virgin America,,readerriter,,0,@VirginAmerica sounds like fun !,,2/21/2015 10:12,"CALIFORNIA, USA",Pacific Time (US & Canada)
5.69E+17,neutral,1,,,Virgin America,,jeredscott,,0,@VirginAmerica any updates on flight 413 from Jfk &gt; Lax,,2/21/2015 10:11,"downtown, CA",Pacific Time (US & Canada)
5.69E+17,neutral,1,,,Virgin America,,eric_t_lee,,0,@virginamerica spruce moose!,,2/21/2015 10:10,Brooklyn,Eastern Time (US & Canada)
5.69E+17,negative,1,Customer Service Issue,1,Virgin America,,bluesmoon,,0,"@VirginAmerica the CSS on your site is a 404 right now, please fix. Site unusable.",,2/21/2015 9:51,"Cambridge, MA, USA, Earth",Eastern Time (US & Canada)
5.69E+17,negative,0.6473,Lost Luggage,0.3341,Virgin America,,RedSoxGirl1976,,0,"@VirginAmerica We're on flight 910 Vegas to Boston today, checked in online but our bag count didn't register. Can I fix that somehow?",,2/21/2015 9:10,Somewhere outside of Fenway,Eastern Time (US & Canada)
5.69E+17,positive,0.6771,,,Virgin America,,InuAtah,,0,"@VirginAmerica classiq, luv Virgin America. Greetingz",,2/21/2015 9:03,Abuja,
5.69E+17,negative,0.6636,Customer Service Issue,0.6636,Virgin America,,borknagar,,0,"@VirginAmerica Hi, I'm trying to do check-in but the website is not working. I tried 3 different browsers and the problem continues",,2/21/2015 8:59,chile,Santiago
5.69E+17,positive,1,,,Virgin America,,Recessionista,,0,@VirginAmerica Thanks for your great customer service today &amp; for helping me get all my travel sorted out!,,2/21/2015 8:48,"Los Angeles, CA",Pacific Time (US & Canada)
5.69E+17,positive,1,,,Virgin America,,moosekazmi,,0,@VirginAmerica thanks guys! Sweet route over the Rockies #airplanemodewason,,2/21/2015 8:04,"Las Piedras, Peru",
5.69E+17,positive,1,,,Virgin America,,_LisaCap,,0,@VirginAmerica love the 90s music blasting at gate in #Boston while waiting for flight to #SanFrancisco. Only if I could get an iced coffee!,,2/21/2015 4:25,"Charlestown, MA",
5.69E+17,negative,0.6706,Bad Flight,0.3514,Virgin America,,eatgregeat,,0,"@VirginAmerica - the passenger in 7D, Flt 338 that assaulted me shouldn't have flown. I trust he's banned. Crew filed report to @FAANews","[26.06726717, -80.14433663]",2/21/2015 2:36,,Eastern Time (US & Canada)
5.69E+17,negative,1,Flight Booking Problems,0.6809,Virgin America,,alanzeino,,0,@VirginAmerica current bug on website shows ‚Äòselect departure city‚Äô when selecting destination city http://t.co/SLLYIBE2vQ,,2/20/2015 23:00,San Francisco,Pacific Time (US & Canada)
5.69E+17,negative,1,Damaged Luggage,1,Virgin America,,khartline,,0,@VirginAmerica luggage was severely dented/missing wheel coming off baggage claim in SAN. Luggage agent Miranda (I think) wasn't any help.,,2/20/2015 22:34,Las Vegas,Pacific Time (US & Canada)
5.69E+17,positive,1,,,Virgin America,,courtDMC,,0,"@VirginAmerica thank you for the easy itinerary shift for impending weather. Quick, painless &amp; free.",,2/20/2015 22:28,New York for now.,Central Time (US & Canada)
5.69E+17,neutral,0.6598,,,Virgin America,,woawABQ,,0,"@VirginAmerica If you'd love to see more girls be inspired to become pilots, RT our free WOAW event March 2-8 at ABQ. http://t.co/rfXlV1kGDh",,2/20/2015 22:18,"Albuquerque, NM",
5.69E+17,positive,1,,,Virgin America,,Cydney_Chase,,0,@VirginAmerica Thanks! Good times there and back! #Vodkatonics the entire flightüç∏#sfo,,2/20/2015 21:52,#SF#Optimist #Freefalling,Pacific Time (US & Canada)
5.69E+17,neutral,1,,,Virgin America,,AirlineFuel,,0,"@VirginAmerica beats expectations, shares take off - Santa Cruz Sentinel http://t.co/qm9dQbai6G",,2/20/2015 20:22,Global,Sydney
5.69E+17,neutral,1,,,Virgin America,,OriginalTuna,,0,@VirginAmerica any plans to start flying direct from DAL to LAS?,,2/20/2015 19:36,Texas,Central Time (US & Canada)
5.69E+17,neutral,0.6701,,,Virgin America,,ImThankfulRadio,,0,@VirginAmerica BIG Love/gratitude.mpower w/ http://t.co/1AGR9knCpf weRin #OSCARS2105 VIPswagbags@ #AvalonHollywood http://t.co/ybMbGs0dHn,"[0.0, 0.0]",2/20/2015 19:35,Washington State,Pacific Time (US & Canada)
5.69E+17,positive,1,,,Virgin America,,AnnaProsser,,0,"@VirginAmerica, you're doing a great job adding little luxuries/aesthetics that improve the air travel experience. Thank you. Keep it up!",,2/20/2015 19:16,USA,Pacific Time (US & Canada)
5.69E+17,negative,1,Bad Flight,0.6765,Virgin America,,HenryLucero,,0,@VirginAmerica requested window seat and confirmed window but got stuck in middle seat. Not a good way to treat silver memberüòí,,2/20/2015 17:31,"Los Angeles, CA",
5.69E+17,neutral,1,,,Virgin America,,daisy1016,,0,@VirginAmerica Grand Budapest Hotel #OscarsCountdown,,2/20/2015 17:28,Florida,Eastern Time (US & Canada)
5.69E+17,neutral,1,,,Virgin America,,TGSOFL,,0,@VirginAmerica This is what you missed @NewsVP. Next trip to the 407.,,2/20/2015 17:20,Florida,Eastern Time (US & Canada)
5.69E+17,negative,0.6965,Bad Flight,0.3634,Virgin America,,stephanieslome,,0,@VirginAmerica #wtf I paid for direct flight on purpose not to have to stop for fuel exhausted frequent flier and nothing for inconvenience!,,2/20/2015 17:16,San Francisco,Pacific Time (US & Canada)
5.69E+17,negative,1,Customer Service Issue,0.6633,Virgin America,,Alex_Ricardo,,0,@VirginAmerica there is something wrong with you website in Safari iPhone,,2/20/2015 17:07,Montreal,Eastern Time (US & Canada)
5.69E+17,positive,1,,,Virgin America,,djchuang,,1,@VirginAmerica thanks for gate checking my baggage on your full flight dfw-lax 883 and giving me early boarding too #sweet,"[32.8454782, -96.8504585]",2/20/2015 16:27,"Orange County, CA",Pacific Time (US & Canada)
5.69E+17,negative,0.6368,Can't Tell,0.6368,Virgin America,,miekd,,0,@VirginAmerica Already checked in so the page expired :X,,2/20/2015 16:23,San Francisco,Pacific Time (US & Canada)
5.69E+17,negative,1,Customer Service Issue,0.6525,Virgin America,,insideout,,0,@VirginAmerica Boo for a not refunding a seat upgrade fee I did not want to buy in the first place!,,2/20/2015 16:22,,Central Time (US & Canada)
5.69E+17,neutral,1,,,Virgin America,,AirlineFuel,,0,@VirginAmerica shares rise on Q4 financial results - USA TODAY http://t.co/lFS4PEFE6y,,2/20/2015 16:22,Global,Sydney
5.69E+17,neutral,1,,,Virgin America,,fromtheleftseat,,0,@VirginAmerica Adds Pillows Instead of Lie-Flat Seats in First Class Arms Race http://t.co/rGYwJBbhm4,,2/20/2015 16:11,Phoenix AZ,Arizona
5.69E+17,positive,0.6855,,,Virgin America,,AlyssaJenS,,0,@VirginAmerica I see what you did there ;),,2/20/2015 16:02,"Bay Area, CA",Pacific Time (US & Canada)
5.69E+17,neutral,0.6803,,,Virgin America,,Kevin_E_Park,,0,@VirginAmerica way to take advantage of #MayweatherPacquiao :),,2/20/2015 15:50,,Pacific Time (US & Canada)
5.69E+17,neutral,1,,,Virgin America,,FlexinFinessinB,,0,@VirginAmerica you know I'm flying virgin for the fight #MayweatherPacquiao,,2/20/2015 15:48,,Central Time (US & Canada)
5.69E+17,positive,1,,,Virgin America,,drsaadiaim,,0,@VirginAmerica your inflight team makes the experience #amazing!,,2/20/2015 15:13,Boca Raton FL 33434,
5.69E+17,positive,1,,,Virgin America,,MaverickGamersX,,0,@VirginAmerica cutest salt and pepper shaker ever. Just when I think you guys can't get any better you just do! http://t.co/vC6Keulg2J,,2/20/2015 15:10,Follow/Retweet for giveaways!,
5.69E+17,negative,1,Bad Flight,0.6761,Virgin America,,MsReeseGirl,,0,"@VirginAmerica moved my seat with no notice. ""Better seat"" is cabin select not behind the row I selectedüëé #DISAPPOINTED",,2/20/2015 14:35,Los Angeles,Pacific Time (US & Canada)
5.69E+17,neutral,1,,,Virgin America,,AirlineFuel,,0,@VirginAmerica shares up on 4Q results - @iol http://t.co/XZ6qeG3nef,,2/20/2015 14:22,Global,Sydney
5.69E+17,positive,1,,,Virgin America,,CanPOREOTICS,,0,@VirginAmerica fav airline,,2/20/2015 14:17,"Anaheim, CA",
5.69E+17,positive,0.6776,,,Virgin America,,MaverickGamersX,,0,@VirginAmerica we have a hot female pilot! Sweet! DCA to SFO! :-),,2/20/2015 13:48,Follow/Retweet for giveaways!,
5.69E+17,neutral,1,,,Virgin America,,LizaUtter,,0,üëçüëç‚úàÔ∏è‚úàÔ∏èüíó When are you guys going to start flying to Paris? @VirginAmerica: @LizaUtter You're welcome.‚Äù,,2/20/2015 13:48,"Malibu, CA",Pacific Time (US & Canada)
5.69E+17,neutral,1,,,Virgin America,,crj_lll,,0,@VirginAmerica what is your policy on flying after surgery?  I am still waiting for answer so I can tell me doctor.,,2/20/2015 13:28,"Las Vegas, NV",Pacific Time (US & Canada)
5.69E+17,negative,1,Lost Luggage,1,Virgin America,,snellbell,,0,@VirginAmerica already contacted Central Baggage &amp; sent DM. @RenttheRunway is charging me for the dress that was in the lost suitcase #help,,2/20/2015 13:16,,Quito
5.69E+17,positive,1,,,Virgin America,,AcronymBex,,0,@VirginAmerica Thank you!!,,2/20/2015 12:47,"NY, NY",Eastern Time (US & Canada)
5.69E+17,negative,0.6569,Customer Service Issue,0.6569,Virgin America,,SleeplessByte,,0,@VirginAmerica Is there anything going on with the website? I've been getting a lot of errors past 30 minutes.,"[0.0, 0.0]",2/20/2015 12:21,Rijswijk ‚ô° The Netherlands,Amsterdam
5.69E+17,neutral,0.6773,,0,Virgin America,,AcronymBex,,0,@VirginAmerica I think i left something on the plane yesterday. who do i call...ah!,,2/20/2015 12:17,"NY, NY",Eastern Time (US & Canada)
5.69E+17,neutral,0.642,,0,Virgin America,,notthatnathan,,0,@VirginAmerica I need you to follow back in order to DM.,,2/20/2015 12:09,"Portland, Maine",Eastern Time (US & Canada)
5.69E+17,neutral,1,,,Virgin America,,Sleubeau,,0,@VirginAmerica Need to start flying to @KCIAirport .  üòäüòÄüòÉüòÑ,"[39.24087254, -94.63994975]",2/20/2015 12:08,"Kansas City, MO",Central Time (US & Canada)
5.69E+17,neutral,0.6791,,0,Virgin America,,crj_lll,,0,@VirginAmerica they told to check with the airline regulation first so that is why I contacted you.,,2/20/2015 11:33,"Las Vegas, NV",Pacific Time (US & Canada)
5.69E+17,negative,1,Can't Tell,0.6421,Virgin America,,Yorkshire_D,,0,@VirginAmerica @VirginAtlantic I have just checked in flight to SFO from LAX &amp; been told as Atlantic Flying Club Gold I get no benefits?!,,2/20/2015 11:24,,
5.69E+17,negative,1,Flight Attendant Complaints,0.6458,Virgin America,,SaraBabs,,0,@VirginAmerica husband and I ordered three drinks via my screen and they never came. Awesome!,,2/20/2015 11:13,dc,Eastern Time (US & Canada)
5.69E+17,negative,1,Bad Flight,0.6979,Virgin America,,AdamSinger,,0,@VirginAmerica soooo are you guys going to leave the seatbelt light on all flight? You can barely call this turbulence :-),"[0.0, 0.0]",2/20/2015 11:13,"San Francisco, CA",Central Time (US & Canada)
5.69E+17,neutral,1,,,Virgin America,,crj_lll,,0,@VirginAmerica what is your policy on flying after surgery?,,2/20/2015 10:59,"Las Vegas, NV",Pacific Time (US & Canada)
5.69E+17,neutral,1,,,Virgin America,,AirlineFuel,,0,@VirginAmerica posts second consecutive full-year net profit - @ATWOnline http://t.co/tvB5zbzVhg,,2/20/2015 10:52,Global,Sydney
5.69E+17,negative,1,Flight Booking Problems,0.3895,Virgin America,,notthatnathan,,0,"@VirginAmerica Funny story, your website is broken, you have missing javascript and stylesheets on the checkin process. I dislike this!",,2/20/2015 10:32,"Portland, Maine",Eastern Time (US & Canada)
5.69E+17,positive,1,,,Virgin America,,polaroidmisha,,0,@VirginAmerica would love to do more for virgin just like I do for @GoPro,"[0.0, 0.0]",2/20/2015 10:32,San Francisco,Pacific Time (US & Canada)
5.69E+17,neutral,1,,,Virgin America,,AirlineFuel,,0,@VirginAmerica Results Handily Exceed Forecasts - @NYTimes http://t.co/gonmRwEM6I,,2/20/2015 10:22,Global,Sydney
5.69E+17,neutral,1,,,Virgin America,,NazarFakih,,0,"@VirginAmerica I applied for a position in @flyLAXairport ,and I was wondering if you guys received my application.",,2/20/2015 10:20,,Pacific Time (US & Canada)
5.69E+17,neutral,1,,,Virgin America,,JetBlueNews,,0,@VirginAmerica achieves a second year of profitability despite revenue pressure ... - @CAPA_Aviation http://t.co/zSuZTNAIJq,,2/20/2015 10:05,USA,Sydney
5.69E+17,neutral,1,,,Virgin America,,AirlineFuel,,0,"@VirginAmerica gives positive outlook, but sees increased competition - @Reuters http://t.co/jEu7Od3eYJ",,2/20/2015 9:52,Global,Sydney
5.69E+17,negative,1,Customer Service Issue,0.6655,Virgin America,,RobynMatza,,0,@VirginAmerica I'm trying to check into my 10:50AM CT flight tmm on the desktop website and it's not working (some sort of caching bug) SOS,"[0.0, 0.0]",2/20/2015 9:50,"New York, NY",Eastern Time (US & Canada)
5.69E+17,neutral,0.6625,,0,Virgin America,,SocialMedia305,,0,@VirginAmerica weather delays &gt; next few weeks ;) #JFK #BOS #DCA,,2/20/2015 9:44,,Eastern Time (US & Canada)
5.69E+17,neutral,1,,,Virgin America,,sbaaronson,,0,@VirginAmerica @madbee95 check the website before you go to the airport!,,2/20/2015 9:42,Los Angeles,
5.69E+17,negative,1,Customer Service Issue,1,Virgin America,,miekd,,0,@VirginAmerica Do you guys know your check-in links from emails are broken? http://t.co/2npXB6oBMr,,2/20/2015 9:28,San Francisco,Pacific Time (US & Canada)
5.69E+17,neutral,1,,,Virgin America,,StevenMYoung,,0,@VirginAmerica pilot says we expect a choppy landing in NYC due to some gusty winds w/a temperature of about 5 degrees &amp; w/the windchill -8,,2/20/2015 9:25,"Brooklyn, NY",Eastern Time (US & Canada)
5.69E+17,positive,1,,,Virgin America,,thecompostcook,,0,@VirginAmerica loved it. Can't wait for Monday's return flight... Mostly just to watch the inflight safety video again. #sorrynotsorry,"[37.77465018, -122.44032176]",2/20/2015 8:53,"New York, NY",Eastern Time (US & Canada)
5.69E+17,negative,1,Lost Luggage,1,Virgin America,,snellbell,,1,"@VirginAmerica lost my luggage 4 days ago on flight VX 112 from LAX to IAD &amp; I'm calling every day, no response.Please give me back my stuff",,2/20/2015 8:38,,Quito
5.69E+17,negative,0.662,Flight Booking Problems,0.662,Virgin America,,chrisaguiar88,,0,@VirginAmerica The Flight Booking Problems section of your website seems to be broken on Chrome. Might wanna look into that.,,2/20/2015 8:36,Massachusetts,
5.69E+17,positive,1,,,Virgin America,,matthewhirsch,,0,@VirginAmerica Hi! Just wanted to see if you have any new routes planned this year for Newark. Love flying you guys and hope to do so more!,,2/20/2015 8:13,"Hoboken, NJ",Eastern Time (US & Canada)
5.69E+17,positive,0.6884,,,Virgin America,,GabriellaDago,,0,"@VirginAmerica I mean. Probably inappropriate while on board.. But, it's on!",,2/20/2015 8:06,New York City,Eastern Time (US & Canada)
5.69E+17,positive,0.6658,,,Virgin America,,AdamSinger,,0,@VirginAmerica happy to spend the day together. Let's do this!,,2/20/2015 8:00,"San Francisco, CA",Central Time (US & Canada)
5.69E+17,neutral,0.375,,0,Virgin America,,GabriellaDago,,0,@VirginAmerica is saving my sanity right now: http://t.co/ELtBOLjUl9,,2/20/2015 7:54,New York City,Eastern Time (US & Canada)
5.69E+17,neutral,1,,,Virgin America,,MarcPerez,,0,@VirginAmerica missed my flight. How does standby work?,,2/20/2015 7:33, California 92705,Pacific Time (US & Canada)
5.69E+17,positive,1,,,Virgin America,,JayRockerz,,0,.@VirginAmerica They were very understanding and helped me out.  Thx! #Comps,,2/20/2015 7:31,"39.149054,  -77.273589",Eastern Time (US & Canada)
5.69E+17,neutral,1,,,Virgin America,,mlbkid162,,0,@VirginAmerica brought it all the way across the country today I see http://t.co/TKaUyGcPmS,,2/20/2015 7:21,New york,
5.69E+17,positive,1,,,Virgin America,,Hwoodboy24,,0,@VirginAmerica thank you! I absolutely will üòé,,2/20/2015 7:15,BOS ‚Ä¢ LA ‚Ä¢ NYC ,Pacific Time (US & Canada)
5.69E+17,negative,1,Can't Tell,1,Virgin America,,perMicah,,0,@virginamerica Looks like a broken link for your assets https://t.co/OArDjjGrrD,,2/20/2015 7:11,"Brooklyn, NY",Quito
5.69E+17,neutral,0.6529,,,Virgin America,,GabriellaDago,,0,@VirginAmerica are you ready!? Let's say it together.. 'Noooo turbulence today!' üòò,,2/20/2015 6:38,New York City,Eastern Time (US & Canada)
5.69E+17,negative,1,Flight Booking Problems,0.6667,Virgin America,,perMicah,,0,@virginamerica the manage itinerary section of your website seems to be broken for me https://t.co/2pUJvCElNg,,2/20/2015 6:15,"Brooklyn, NY",Quito
5.69E+17,negative,1,Customer Service Issue,0.6237,Virgin America,,iamnayr,,0,"@VirginAmerica can't check in, your site looks like this every time it loads http://t.co/kAcY2AwDbW",,2/20/2015 5:50,"San Francisco, CA",Pacific Time (US & Canada)
5.69E+17,neutral,1,,,Virgin America,,gemmabow19,,2,@VirginAmerica can u help this üë∏ @FreyaBevan_Fund needs urgent treatment inüá∫üá∏2y old battling cancer could u help with flights üíó#freyasfund,,2/20/2015 3:32,,
5.69E+17,neutral,1,,,Virgin America,,BFPTravel,,0,@virginamerica may start service to Hawaii from #SanFrancisco this year http://t.co/yPo7nYpRZl #biztravel,,2/20/2015 0:30,,London
5.69E+17,negative,1,Customer Service Issue,0.6596,Virgin America,,davidhfe,,0,@virginAmerica Other carriers are less than half price for a round trip fare. I am stunned. http://t.co/UKdjjijroW,,2/19/2015 22:47,"San Francisco, CA",Pacific Time (US & Canada)
5.69E+17,negative,1,Flight Booking Problems,0.6841,Virgin America,,davidhfe,,0,@VirginAmerica WTF is happening in PDX Late Flight March such that one way from SFO is ~$550?,,2/19/2015 22:44,"San Francisco, CA",Pacific Time (US & Canada)
5.69E+17,neutral,0.6667,,,Virgin America,,chet,,0,@VirginAmerica add DTW and I'm sold!,,2/19/2015 21:39,,Pacific Time (US & Canada)
5.69E+17,positive,0.6809,,,Virgin America,,TMAnderson10,,0,@VirginAmerica How about some free drinks on the flight back for the free promo?,,2/19/2015 21:27,"Dallas, TX",
5.69E+17,positive,1,,,Virgin America,,SSal,,0,@VirginAmerica @SSal thanks!,,2/19/2015 20:48,"Dutchess County, NY",Eastern Time (US & Canada)
5.69E+17,neutral,0.6354,,,Virgin America,,SoleXclusive415,,0,@VirginAmerica momma I made it! üòÅüòÅüòÅ,,2/19/2015 20:45,Bay Area,
5.69E+17,neutral,1,,,Virgin America,,SSal,,0,@VirginAmerica please contact me about portfolio left on flight VX 27 from JFK to SFO tonite seat 7AM. Need it returned. Call 914-329-0185.,,2/19/2015 20:39,"Dutchess County, NY",Eastern Time (US & Canada)
5.69E+17,neutral,0.6742,,0,Virgin America,,SSal,,0,@VirginAmerica help. I was On  Flight  27 from JKF tonight. seat 7C left portfolio. Need it back!!,,2/19/2015 20:33,"Dutchess County, NY",Eastern Time (US & Canada)
5.69E+17,neutral,0.6745,,,Virgin America,,SoleXclusive415,,1,@VirginAmerica @shrinerack Seattle bound. Wifey got me the duffle for vday. She's a keeper!!! Holla!!! http://t.co/JlOIbLnair,,2/19/2015 20:22,Bay Area,
5.69E+17,negative,1,Lost Luggage,1,Virgin America,,j_payton,,0,"@VirginAmerica my luggage is gone. I've filed my paperwork, promised a call/email. Still no resolution or response from central luggage.",,2/19/2015 19:10,San Francisco,Quito
5.69E+17,neutral,0.6461,,,Virgin America,,AQR415,,0,@VirginAmerica Debbie Baldwin gave a #rockstar performance of the safety demo this evening on VX919 #LAS2SFO #BestCrew #SheRocks,,2/19/2015 19:06,San Francisco,Pacific Time (US & Canada)
5.69E+17,positive,0.6482,,,Virgin America,,SuuperG,,0,@VirginAmerica Thanks!,,2/19/2015 18:57,Wandering So-Cal-ian,Pacific Time (US & Canada)
5.69E+17,positive,1,,,Virgin America,,imacsweb,,0,@VirginAmerica thanks for taking care of @SuuperG on her flight!! #rockstars #travel,,2/19/2015 18:54,At an airport near you....,Pacific Time (US & Canada)
5.69E+17,positive,1,,,Virgin America,,SuuperG,,0,@VirginAmerica Thanks for the lovely soft views! #travel #SAN to #SFO http://t.co/CnctL7G1ef,,2/19/2015 18:48,Wandering So-Cal-ian,Pacific Time (US & Canada)
5.69E+17,negative,1,Flight Booking Problems,0.6406,Virgin America,,El_Nel_81,,0,@VirginAmerica I requested a mileage challenge for status several weeks ago online but haven't heard back. How do I get help with this?,,2/19/2015 18:18,,
5.69E+17,negative,0.6381,Flight Booking Problems,0.3279,Virgin America,,zoelle,,0,"@VirginAmerica Just trying to book tickets to NYC and facing super fun broken styling. Don't worry, I'll keep trying :)",,2/19/2015 17:37,San Francisco,Pacific Time (US & Canada)
5.69E+17,neutral,0.6703,,,Virgin America,,FreyaBevan_Fund,,1,"@VirginAmerica Many Thanks for the Follow.
#ourprincess #freyasfund #USA #Bandie 
Looking for Any Helpüòç
üíóüá¨üáßüíóüá∫üá∏üíó
üéÄüåèüéÄ http://t.co/UJfS9Zi6kd",,2/19/2015 17:16,freyabevanfund@hotmail.com,
5.69E+17,neutral,0.6559,,,Virgin America,,traveldg,,0,"@VirginAmerica Nice, Lofty View @flyLAXairport. #SilverStatus http://t.co/F4Tp0dAwbd","[33.94696831, -118.40747994]",2/19/2015 17:05,San Francisco,
5.69E+17,negative,1,Customer Service Issue,0.6543,Virgin America,,joyabsalon,,0,@VirginAmerica Applied for Status Match on Feb 1. Got confirmation email same day. Still no news though. You guys have dropped ball Late Flightly üò•,,2/19/2015 17:04,Northern Virginia,Eastern Time (US & Canada)
5.69E+17,neutral,0.6673,,,Virgin America,,adavidson26,,0,@VirginAmerica is my new go to airline,,2/19/2015 16:46,Bay Area,Pacific Time (US & Canada)
5.69E+17,neutral,1,,,Virgin America,,FreyaBevan_Fund,,1,"@VirginAmerica @VirginAtlantic @GMA @AmericanAir 
Can You Help #ourprincess in need of some help in #USA 
üéÄüá¨üáßüéÄüá∫üá∏üéÄ http://t.co/778AzTDaer",,2/19/2015 16:44,freyabevanfund@hotmail.com,
5.69E+17,positive,1,,,Virgin America,,SigmaRue,,0,"@VirginAmerica I adore you, and am so looking forward to my flight to Austin in two weeks.",,2/19/2015 15:31,"Portland, OR",Pacific Time (US & Canada)
5.69E+17,positive,0.6875,,,Virgin America,,MNDNCH,,0,@VirginAmerica I was so glad it was mentioned. I took my first virgin flight a few years back and it was a transformative experience.,,2/19/2015 14:51,SD/LA/PS,Pacific Time (US & Canada)
5.69E+17,neutral,1,,,Virgin America,,AArt763,,0,@VirginAmerica Flight Booking Problems flight to uphold my status match.  Do taxes on ticket count as earned status points?  #statusmatch #virginamerica,,2/19/2015 14:43,,Arizona
5.69E+17,negative,0.6539,Customer Service Issue,0.3461,Virgin America,,conorjrogers,,0,@VirginAmerica trying to check-in...but looks like your site is down?,,2/19/2015 14:25, DC | Jersey City,Eastern Time (US & Canada)
5.69E+17,negative,0.6558,Late Flight,0.6558,Virgin America,,bonniecamp,,1,"@VirginAmerica spending my birthday night with you, DAL-DCA. Get me home!",,2/19/2015 14:06,,
5.69E+17,negative,0.6596,Customer Service Issue,0.3617,Virgin America,,GaySkiWeek,,0,@VirginAmerica Sent a couple messages to the email you provided but to no avail. Will try again next year. Cheers.,,2/19/2015 13:45,"Telluride, CO",Central Time (US & Canada)
5.69E+17,positive,1,,,Virgin America,,graveyardtravel,,0,"@VirginAmerica first time flying Virgin, went to #SanFrancisco .Thanks for the smooth ride. Easily my new fav airline!",,2/19/2015 13:39,"Portland, Oregon",Tijuana
5.69E+17,negative,0.6436,Can't Tell,0.324,Virgin America,,taygarrett,,0,"@VirginAmerica seriously, though. will there not be direct flights from SFO-FLL in may???",,2/19/2015 13:27,san francisco,Eastern Time (US & Canada)
5.69E+17,negative,0.3617,Flight Booking Problems,0.3617,Virgin America,,jamonholmgren,,0,@VirginAmerica It's fine. Already done with my purchase. But you should try it. Just go most of the way through then go back 3,,2/19/2015 13:18,"Vancouver, WA",Arizona
5.69E+17,negative,1,Bad Flight,0.6723,Virgin America,,BlackFlagShoppe,,0,"@virginamerica not really the experience I was hoping 4, I ws forced 2 check in a small carry on, w/ nothing but empty cabin space on board",,2/19/2015 13:14,‚ÄùStraight Outta Jersey‚Äù,Central Time (US & Canada)
5.69E+17,negative,0.7223,longlines,0.7223,Virgin America,,c_crubin,,0,"@VirginAmerica
wjere is our luggage #so slow at lax",,2/19/2015 13:08,,London
5.69E+17,neutral,0.6925,,,Virgin America,,fromtheleftseat,,0,@VirginAmerica to jump into the #Dallas #Austin market http://t.co/SzR0pioA21,,2/19/2015 13:08,Phoenix AZ,Arizona
5.69E+17,negative,1,Customer Service Issue,0.6581,Virgin America,,richeyvicious,,0,"@VirginAmerica I spoke with a representative that offered no solution, I am a loyal customer who flies on @VirginAtlantic as well",,2/19/2015 12:45,"LES, NYC",
5.69E+17,negative,1,Flight Booking Problems,0.6725,Virgin America,,richeyvicious,,0,@VirginAmerica I am deeply disappointed that your birthday promo was not applied to a trip I booked mere days before I received the email,,2/19/2015 12:44,"LES, NYC",
5.68E+17,negative,0.654,Flight Booking Problems,0.3438,Virgin America,,taygarrett,,0,"@VirginAmerica what happened to direct flights from SFO-FLL? Looking in May, only see connecting #help #dontdothistome",,2/19/2015 11:46,san francisco,Eastern Time (US & Canada)
5.68E+17,neutral,1,,,Virgin America,,LondonBrushCo,,0,@virginamerica.. Can you help? Left my blazer in. Kooples jacket bag at 3rd row second seat from right gate 36 T3 lax.. Flight to sfo,,2/19/2015 11:42,Global,Pacific Time (US & Canada)
5.68E+17,neutral,1,,,Virgin America,,sapnasparikh,,0,@VirginAmerica partners with @Visa Checkout as mobile payment method to help boost mobile conversion rates #etailwest #payments #visa,,2/19/2015 11:29,new york,
5.68E+17,positive,1,,,Virgin America,,alexster4324,,0,"@VirginAmerica just promoting the product is all, had a problem with southwest and recommend noneother than the best! http://t.co/tFaNXBh1Cf",,2/19/2015 11:24,,
5.68E+17,positive,1,,,Virgin America,,beasharif,,0,"@VirginAmerica love you guys, but pls get some direct routes LAS to AUS!",,2/19/2015 11:20,The World,Pacific Time (US & Canada)
5.68E+17,neutral,1,,,Virgin America,,MajorPaayne,,0,@VirginAmerica i would like help with some flights please.,,2/19/2015 10:53,,Central Time (US & Canada)
5.68E+17,neutral,0.6624,,0,Virgin America,,giannilee,,0,Bruh ‚Äú@VirginAmerica: @giannilee Turn down for what. #VXSafetyDance‚Äù,,2/19/2015 10:53,VFILES DJ CHAMPION,Eastern Time (US & Canada)
5.68E+17,positive,1,,,Virgin America,,Rgulojr,,0,@VirginAmerica of course! I work for @VirginAtlantic and I'm obsessed with the entire Virgin family!!,,2/19/2015 10:47,Chicago,Eastern Time (US & Canada)
5.68E+17,positive,0.6548,,,Virgin America,,_kristenicole_,,0,@VirginAmerica ok! first time flying with you tonight :),,2/19/2015 10:33,‚òÇ Seattle | WA,Eastern Time (US & Canada)
5.68E+17,neutral,0.6696,,,Virgin America,,CuteMonsterDad,,0,@virginamerica Digging the swanky pink mood lighting during the flight from NYC to SFO.  Just needs a cabaret singer.  Think about it!,,2/19/2015 10:25,3rd Planet from the Sun,Central Time (US & Canada)
5.68E+17,neutral,1,,,Virgin America,,chase_f,,0,"@VirginAmerica Done, but I need the receipt ASAP. Could you please help? #150219-000114",,2/19/2015 10:10,"San Francisco, CA",Quito
